20s timeout,Stack-Add,Stack-FF,Stack-LmCut
satellite-p24.hddl,-2147483648,-2147483648,62000
satellite-p7.hddl,185555,278333,111333
satellite-p1.hddl,-2147483648,-2147483648,-2147483648
satellite-p20.hddl,80229,105212,20763
satellite-p13.hddl,139695,261333,85722
satellite-p4.hddl,120000,120000,48000
satellite-p18.hddl,122221,120384,33847
satellite-p8.hddl,235146,232214,71740
satellite-p23.hddl,-2147483648,-2147483648,-2147483648
satellite-p16.hddl,106562,132700,19385
satellite-p3.hddl,188000,-2147483648,94000
satellite-p21.hddl,186145,133331,35137
satellite-p19.hddl,104917,95091,15286
satellite-p12.hddl,169783,203567,55242
satellite-p5.hddl,174000,290000,108750
satellite-p9.hddl,112403,205735,33259
satellite-p22.hddl,135847,96114,21328
satellite-p14.hddl,243298,105774,32782
satellite-p2.hddl,100000,-2147483648,100000
satellite-p25.hddl,188000,188000,94000
satellite-p17.hddl,176295,121952,41651
satellite-p6.hddl,148666,223000,89200
satellite-p15.hddl,110979,105650,27172
satellite-p10.hddl,230885,238011,91646
satellite-p11.hddl,137115,237927,32926
