20s timeout,Stack-Add,Stack-FF,Stack-LmCut
transport-p13.hddl,1698,2102,2511
transport-p25.hddl,260,3194,128
transport-p27.hddl,2851,5602,118
transport-p29.hddl,310,2776,35
transport-p17.hddl,1621,3061,942
transport-p28.hddl,2309,2568,48
transport-p26.hddl,2886,2520,88
transport-p11.hddl,150,4086,4751
transport-p15.hddl,1577,356,1944
transport-p22.hddl,2839,4937,379
transport-p9.hddl,1542,205,2079
transport-p21.hddl,300,387,486
transport-p10.hddl,2312,256,2171
transport-p5.hddl,5810,3648,2067
transport-p6.hddl,145,718,731
transport-p18.hddl,586,3269,604
transport-p2.hddl,1645,1762,1501
transport-p30.hddl,2880,2274,19
transport-p14.hddl,213,7150,4251
transport-p16.hddl,2102,3456,1540
transport-p19.hddl,2217,4262,266
transport-p24.hddl,7194,3319,2332
transport-p3.hddl,1648,310,355
transport-p12.hddl,2606,537,245
transport-p1.hddl,178,147,158
transport-p23.hddl,211,5978,320
transport-p8.hddl,2935,2925,2220
transport-p4.hddl,2203,2347,2186
transport-p20.hddl,464,1862,532
transport-p7.hddl,2815,3031,1806
