20s timeout,Stack-Add,Stack-FF,Stack-LmCut
transport-p13.hddl,6137,7106,7050
transport-p25.hddl,819,5120,738
transport-p27.hddl,4570,11424,340
transport-p29.hddl,967,6326,332
transport-p17.hddl,5526,7553,1775
transport-p28.hddl,5257,14995,254
transport-p26.hddl,6574,4277,186
transport-p11.hddl,647,19007,21007
transport-p15.hddl,5582,1213,4523
transport-p22.hddl,5409,14567,1064
transport-p9.hddl,9108,980,5244
transport-p21.hddl,826,1102,2159
transport-p10.hddl,5626,1026,6136
transport-p5.hddl,25007,20003,12503
transport-p6.hddl,773,994,803
transport-p18.hddl,648,4705,1380
transport-p2.hddl,6262,7134,6547
transport-p30.hddl,5609,4940,300
transport-p14.hddl,802,23606,13606
transport-p16.hddl,5043,7353,1103
transport-p19.hddl,4558,8508,732
transport-p24.hddl,4451,3200,61
transport-p3.hddl,4902,611,696
transport-p12.hddl,5405,794,774
transport-p1.hddl,957,796,844
transport-p23.hddl,919,18312,1319
transport-p8.hddl,4734,6861,4884
transport-p4.hddl,8349,7337,5067
transport-p20.hddl,909,4358,1323
transport-p7.hddl,6984,5074,3951
