20s timeout,Stack-Add,Stack-FF,Stack-LmCut
umtranslog-p2.hddl,2,2,2
umtranslog-p21.hddl,146,146,146
umtranslog-p10.hddl,2,2,2
umtranslog-p19.hddl,3,3,3
umtranslog-p18.hddl,2,2,2
umtranslog-p6.hddl,2,2,2
umtranslog-p15.hddl,3,3,3
umtranslog-p12.hddl,2,2,2
umtranslog-p13.hddl,2,2,2
umtranslog-p7.hddl,2,2,2
umtranslog-p20.hddl,2,2,2
umtranslog-p4.hddl,2,2,2
umtranslog-p8.hddl,2,2,2
umtranslog-p3.hddl,2,2,2
umtranslog-p17.hddl,2,2,2
umtranslog-p9.hddl,2,2,2
umtranslog-p11.hddl,3,3,3
umtranslog-p1.hddl,2,2,2
umtranslog-p14.hddl,2,2,2
umtranslog-p22.hddl,41,41,41
umtranslog-p16.hddl,undefined,undefined,undefined
umtranslog-p5.hddl,3,3,3
