20s timeout,Stack-Add,Stack-FF,Stack-LmCut
umtranslog-p2.hddl,1,1,1
umtranslog-p21.hddl,25,25,25
umtranslog-p10.hddl,1,1,1
umtranslog-p19.hddl,2,2,2
umtranslog-p18.hddl,1,1,1
umtranslog-p6.hddl,1,1,1
umtranslog-p15.hddl,2,2,2
umtranslog-p12.hddl,1,1,1
umtranslog-p13.hddl,1,1,1
umtranslog-p7.hddl,1,1,1
umtranslog-p20.hddl,1,1,1
umtranslog-p4.hddl,1,1,1
umtranslog-p8.hddl,1,1,1
umtranslog-p3.hddl,1,1,1
umtranslog-p17.hddl,1,1,1
umtranslog-p9.hddl,1,1,1
umtranslog-p11.hddl,2,2,2
umtranslog-p1.hddl,1,1,1
umtranslog-p14.hddl,1,1,1
umtranslog-p22.hddl,13,13,13
umtranslog-p16.hddl,undefined,undefined,undefined
umtranslog-p5.hddl,2,2,2
