20s timeout,Stack-Add,Stack-FF,Stack-LmCut
umtranslog-p2.hddl,0,0,0
umtranslog-p21.hddl,0.002,0.004,0.007
umtranslog-p10.hddl,0,0,0
umtranslog-p19.hddl,0,0,0
umtranslog-p18.hddl,0,0,0
umtranslog-p6.hddl,0,0,0
umtranslog-p15.hddl,0,0,0
umtranslog-p12.hddl,0,0,0
umtranslog-p13.hddl,0,0.001,0
umtranslog-p7.hddl,0.001,0,0
umtranslog-p20.hddl,0,0,0
umtranslog-p4.hddl,0,0,0
umtranslog-p8.hddl,0,0,0
umtranslog-p3.hddl,0,0,0
umtranslog-p17.hddl,0,0,0
umtranslog-p9.hddl,0,0,0
umtranslog-p11.hddl,0,0,0
umtranslog-p1.hddl,0,0,0
umtranslog-p14.hddl,0,0,0.001
umtranslog-p22.hddl,0.001,0.001,0.002
umtranslog-p16.hddl,undefined,undefined,undefined
umtranslog-p5.hddl,0,0,0
